Sr,Employee Code,First Name,Middle Name,Last Name,Mobile Number,Role,Branch,Department,Date of Birth,username,loimage
1,ISFC1212,Alok,,Pandey,9947832240,Loan Officer,Mumbai,Operations,03/08/10998,ji@,https://itrust.indiashelter.in:6443/api/doc/get/ab19f6cc-ec8b-47e9-8329-05af61f877ef-tiger.jpgĀ
1,ISFC1213,,,,,,,,,,
1,ISFC1214,,,,,,,,,,
1,ISFC1215,,,,,,,,,,
1,ISFC1216,,,,,,,,,,
1,ISFC1217,,,,,,,,,,
1,ISFC1218,,,,,,,,,,
1,ISFC1219,,,,,,,,,,
1,ISFC1220,,,,,,,,,,
1,ISFC1221,,,,,,,,,,
1,ISFC1222,,,,,,,,,,
1,ISFC1223,,,,,,,,,,
1,ISFC1224,,,,,,,,,,
1,ISFC1225,,,,,,,,,,
1,ISFC1226,,,,,,,,,,
1,ISFC1227,,,,,,,,,,
1,ISFC1228,,,,,,,,,,
1,ISFC1229,,,,,,,,,,
1,ISFC1230,,,,,,,,,,
1,ISFC1231,,,,,,,,,,
1,ISFC1232,,,,,,,,,,
1,ISFC1233,,,,,,,,,,
1,ISFC1234,,,,,,,,,,
1,ISFC1235,,,,,,,,,,
1,ISFC1236,,,,,,,,,,
1,ISFC1237,,,,,,,,,,
1,ISFC1238,,,,,,,,,,
1,ISFC1239,,,,,,,,,,
1,ISFC1240,,,,,,,,,,
1,ISFC1241,,,,,,,,,,
1,ISFC1242,,,,,,,,,,
1,ISFC1243,,,,,,,,,,
1,ISFC1244,,,,,,,,,,
1,ISFC1245,,,,,,,,,,
1,,,,,,,,,,,
1,,,,,,,,,,,
1,,,,,,,,,,,
1,,,,,,,,,,,
1,,,,,,,,,,,
1,,,,,,,,,,,
1,,,,,,,,,,,
1,,,,,,,,,,,
1,,,,,,,,,,,
1,,,,,,,,,,,
1,,,,,,,,,,,
1,,,,,,,,,,,
1,,,,,,,,,,,
1,,,,,,,,,,,
1,,,,,,,,,,,
1,,,,,,,,,,,
1,,,,,,,,,,,
1,,,,,,,,,,,
1,,,,,,,,,,,
1,,,,,,,,,,,
1,,,,,,,,,,,
1,,,,,,,,,,,
1,,,,,,,,,,,
1,,,,,,,,,,,
1,,,,,,,,,,,
1,,,,,,,,,,,
1,,,,,,,,,,,
1,,,,,,,,,,,
1,,,,,,,,,,,
1,,,,,,,,,,,
1,,,,,,,,,,,
1,,,,,,,,,,,
1,,,,,,,,,,,
1,,,,,,,,,,,
1,,,,,,,,,,,
1,,,,,,,,,,,
1,,,,,,,,,,,
1,,,,,,,,,,,
1,,,,,,,,,,,
1,,,,,,,,,,,
1,,,,,,,,,,,
1,,,,,,,,,,,
1,,,,,,,,,,,
1,,,,,,,,,,,
1,,,,,,,,,,,
1,,,,,,,,,,,
1,,,,,,,,,,,
1,,,,,,,,,,,
1,,,,,,,,,,,
1,,,,,,,,,,,
1,,,,,,,,,,,
1,,,,,,,,,,,
1,,,,,,,,,,,
1,,,,,,,,,,,
1,,,,,,,,,,,
1,,,,,,,,,,,
1,,,,,,,,,,,
1,,,,,,,,,,,
1,,,,,,,,,,,
1,,,,,,,,,,,
1,,,,,,,,,,,
1,,,,,,,,,,,
1,,,,,,,,,,,
1,,,,,,,,,,,
1,,,,,,,,,,,
1,,,,,,,,,,,
1,,,,,,,,,,,
1,,,,,,,,,,,
1,,,,,,,,,,,
1,,,,,,,,,,,
1,,,,,,,,,,,
1,,,,,,,,,,,
1,,,,,,,,,,,
1,,,,,,,,,,,
1,,,,,,,,,,,
1,,,,,,,,,,,
1,,,,,,,,,,,
1,,,,,,,,,,,
1,,,,,,,,,,,
1,,,,,,,,,,,
1,,,,,,,,,,,
1,,,,,,,,,,,
1,,,,,,,,,,,
1,,,,,,,,,,,
1,,,,,,,,,,,
1,,,,,,,,,,,
1,,,,,,,,,,,
1,,,,,,,,,,,
1,,,,,,,,,,,
1,,,,,,,,,,,
1,,,,,,,,,,,
1,,,,,,,,,,,
1,,,,,,,,,,,
1,,,,,,,,,,,
1,,,,,,,,,,,
1,,,,,,,,,,,
1,,,,,,,,,,,
1,,,,,,,,,,,
1,,,,,,,,,,,
1,,,,,,,,,,,
1,,,,,,,,,,,
1,,,,,,,,,,,
1,,,,,,,,,,,
1,,,,,,,,,,,
1,,,,,,,,,,,
1,,,,,,,,,,,
1,,,,,,,,,,,
1,,,,,,,,,,,
1,,,,,,,,,,,
1,,,,,,,,,,,
1,,,,,,,,,,,
1,,,,,,,,,,,
1,,,,,,,,,,,
1,,,,,,,,,,,
1,,,,,,,,,,,
1,,,,,,,,,,,
1,,,,,,,,,,,
1,,,,,,,,,,,
1,,,,,,,,,,,
1,,,,,,,,,,,
1,,,,,,,,,,,
1,,,,,,,,,,,
1,,,,,,,,,,,
1,,,,,,,,,,,
1,,,,,,,,,,,
1,,,,,,,,,,,
1,,,,,,,,,,,
1,,,,,,,,,,,
1,,,,,,,,,,,
1,,,,,,,,,,,
1,,,,,,,,,,,
1,,,,,,,,,,,
1,,,,,,,,,,,
1,,,,,,,,,,,
1,,,,,,,,,,,
1,,,,,,,,,,,
1,,,,,,,,,,,
1,,,,,,,,,,,
1,,,,,,,,,,,
1,,,,,,,,,,,
1,,,,,,,,,,,
1,,,,,,,,,,,
1,,,,,,,,,,,
1,,,,,,,,,,,
1,,,,,,,,,,,
1,,,,,,,,,,,
1,,,,,,,,,,,
1,,,,,,,,,,,
1,,,,,,,,,,,
